timestamp,pod,metric,value,label,fault_service,sr_score,pred
1781348660,cartservice-77f8cfdff-vz9jj,cpu_usage,0.000420733492243,normal,none,14.700438998320644,1
1781348675,cartservice-77f8cfdff-vz9jj,cpu_usage,0.0013240880777212,normal,none,1.4844455644068992,0
1781348690,cartservice-77f8cfdff-vz9jj,cpu_usage,0.0010390034332027,normal,none,0.0,0
1781348705,cartservice-77f8cfdff-vz9jj,cpu_usage,0.001045320652279,normal,none,0.0,0
1781348720,cartservice-77f8cfdff-vz9jj,cpu_usage,0.0003428598026447,normal,none,0.8431724260777261,0
1781348735,cartservice-77f8cfdff-vz9jj,cpu_usage,0.0003845323055426,normal,none,2.150203828786466,1
1781348750,cartservice-77f8cfdff-vz9jj,cpu_usage,0.000343813605995,normal,none,0.0,0
1781348765,cartservice-77f8cfdff-vz9jj,cpu_usage,0.0003867375292198,normal,none,0.0,0
1781348780,cartservice-77f8cfdff-vz9jj,cpu_usage,0.0003973438775945,normal,none,0.0,0
1781348795,cartservice-77f8cfdff-vz9jj,cpu_usage,0.0003905517563264,normal,none,0.0,0
1781348810,cartservice-77f8cfdff-vz9jj,cpu_usage,0.0003792498916596,normal,none,0.0,0
1781348825,cartservice-77f8cfdff-vz9jj,cpu_usage,0.0003682278880977,normal,none,0.0,0
1781348840,cartservice-77f8cfdff-vz9jj,cpu_usage,0.000422086889588,normal,none,0.0,0
1781348855,cartservice-77f8cfdff-vz9jj,cpu_usage,0.000378772473651,normal,none,0.0,0
1781348870,cartservice-77f8cfdff-vz9jj,cpu_usage,0.0003378919053324,normal,none,0.0,0
1781348885,cartservice-77f8cfdff-vz9jj,cpu_usage,0.0003484975163534,normal,none,0.0,0
1781348900,cartservice-77f8cfdff-vz9jj,cpu_usage,0.0003664921465977,normal,none,0.0,0
1781348915,cartservice-77f8cfdff-vz9jj,cpu_usage,0.0004043663155806,normal,none,0.0,0
1781348930,cartservice-77f8cfdff-vz9jj,cpu_usage,0.0004479714889557,normal,none,0.0,0
1781348945,cartservice-77f8cfdff-vz9jj,cpu_usage,0.0004147199630846,normal,none,0.0,0
1781348960,cartservice-77f8cfdff-vz9jj,cpu_usage,0.0004513391524919,normal,none,0.0,0
1781348975,cartservice-77f8cfdff-vz9jj,cpu_usage,0.0003578878070747,normal,none,1.533617155841544,1
1781348990,cartservice-77f8cfdff-vz9jj,cpu_usage,0.0003959901433689,normal,none,1.1857272797601832,0
1781349005,cartservice-77f8cfdff-vz9jj,cpu_usage,0.0003333931133421,normal,none,0.0,0
1781349020,cartservice-77f8cfdff-vz9jj,cpu_usage,0.0004027007418858,normal,none,1.5579518148767684,1
1781349035,cartservice-77f8cfdff-vz9jj,cpu_usage,0.0003460256469608,normal,none,0.0,0
1781349050,cartservice-77f8cfdff-vz9jj,cpu_usage,0.000396519335824,normal,none,1.7367987725878562,1
1781349065,cartservice-77f8cfdff-vz9jj,cpu_usage,0.0003533891213385,normal,none,0.0,0
1781349080,cartservice-77f8cfdff-vz9jj,cpu_usage,0.0003972254480396,normal,none,1.173198013742024,0
1781349095,cartservice-77f8cfdff-vz9jj,cpu_usage,0.000369927843184,normal,none,1.131437836806439,0
1781349110,cartservice-77f8cfdff-vz9jj,cpu_usage,0.0004341547459822,normal,none,1.889308311865044,1
1781349125,cartservice-77f8cfdff-vz9jj,cpu_usage,0.00028705,normal,none,0.0,0
1781349140,cartservice-77f8cfdff-vz9jj,cpu_usage,0.0004394948226418,normal,none,0.0,0
1781349155,cartservice-77f8cfdff-vz9jj,cpu_usage,0.0003529244809292,normal,none,0.6739961997813331,0
1781349170,cartservice-77f8cfdff-vz9jj,cpu_usage,0.0003734234896383,normal,none,0.8340391158311696,0
1781349185,cartservice-77f8cfdff-vz9jj,cpu_usage,0.000397463396438,normal,none,0.0,0
1781349200,cartservice-77f8cfdff-vz9jj,cpu_usage,0.0004267232666266,normal,none,0.0,0
1781349215,cartservice-77f8cfdff-vz9jj,cpu_usage,0.0004175913227769,normal,none,0.0,0
1781349230,cartservice-77f8cfdff-vz9jj,cpu_usage,0.0003670509664369,normal,none,0.0,0
1781349245,cartservice-77f8cfdff-vz9jj,cpu_usage,0.0003861165752139,normal,none,0.0,0
1781349260,cartservice-77f8cfdff-vz9jj,cpu_usage,0.0004057790782734,normal,none,0.0,0
1781349275,cartservice-77f8cfdff-vz9jj,cpu_usage,0.0004422997139542,normal,none,0.0,0
1781349290,cartservice-77f8cfdff-vz9jj,cpu_usage,0.000706993970715,normal,none,0.0,0
1781349305,cartservice-77f8cfdff-vz9jj,cpu_usage,0.0006716914858587,normal,none,0.0,0
1781349320,cartservice-77f8cfdff-vz9jj,cpu_usage,0.000671994638179,normal,none,0.0,0
1781349335,cartservice-77f8cfdff-vz9jj,cpu_usage,0.0003762844665186,normal,none,0.0,0
1781349350,cartservice-77f8cfdff-vz9jj,cpu_usage,0.0003133555555551,normal,none,0.0,0
1781349365,cartservice-77f8cfdff-vz9jj,cpu_usage,0.0003971742955438,normal,none,0.2920318263121819,0
1781349380,cartservice-77f8cfdff-vz9jj,cpu_usage,0.0003513844872659,normal,none,0.0,0
1781349395,cartservice-77f8cfdff-vz9jj,cpu_usage,0.0003005671848867,normal,none,0.0,0
1781349410,cartservice-77f8cfdff-vz9jj,cpu_usage,0.0003720805728436,normal,none,0.0,0
1781349425,cartservice-77f8cfdff-vz9jj,cpu_usage,0.0003500419796226,normal,none,0.5225850462786381,0
1781349440,cartservice-77f8cfdff-vz9jj,cpu_usage,0.000468266527656,normal,none,1.8495403318478856,1
1781349455,cartservice-77f8cfdff-vz9jj,cpu_usage,0.0004095476012466,normal,none,0.43815501751464875,0
1781349470,cartservice-77f8cfdff-vz9jj,cpu_usage,0.0003658111186341,normal,none,0.0,0
1781349485,cartservice-77f8cfdff-vz9jj,cpu_usage,0.0003145645645648,normal,none,1.3754147692234682,0
1781349500,cartservice-77f8cfdff-vz9jj,cpu_usage,0.0003870727444631,normal,none,0.0,0
1781349515,cartservice-77f8cfdff-vz9jj,cpu_usage,0.0003689136917944,normal,none,0.0,0
1781349530,cartservice-77f8cfdff-vz9jj,cpu_usage,0.0003934859504795,normal,none,0.0,0
1781349545,cartservice-77f8cfdff-vz9jj,cpu_usage,0.0003771929824569,normal,none,0.0,0
1781349560,cartservice-77f8cfdff-vz9jj,cpu_usage,0.0004089443232476,normal,none,0.0,0
1781349575,cartservice-77f8cfdff-vz9jj,cpu_usage,0.0003622594967928,normal,none,0.0,0
1781349590,cartservice-77f8cfdff-vz9jj,cpu_usage,0.00040002079002,normal,none,0.0,0
1781349605,cartservice-77f8cfdff-vz9jj,cpu_usage,0.0003892697344111,normal,none,0.0,0
1781349620,cartservice-77f8cfdff-vz9jj,cpu_usage,0.0003655941025092,normal,none,0.0,0
1781349635,cartservice-77f8cfdff-vz9jj,cpu_usage,0.0003829600820583,normal,none,0.0,0
1781349650,cartservice-77f8cfdff-vz9jj,cpu_usage,0.0003261150875497,normal,none,0.0,0
1781349665,cartservice-77f8cfdff-vz9jj,cpu_usage,0.0004033598467124,normal,none,0.0,0
1781349680,cartservice-77f8cfdff-vz9jj,cpu_usage,0.000332638295211,normal,none,0.0,0
1781349695,cartservice-77f8cfdff-vz9jj,cpu_usage,0.0003832892672126,normal,none,0.0,0
1781349710,cartservice-77f8cfdff-vz9jj,cpu_usage,0.0003828219376666,normal,none,0.0,0
1781349725,cartservice-77f8cfdff-vz9jj,cpu_usage,0.0003954172308732,normal,none,0.0,0
1781349740,cartservice-77f8cfdff-vz9jj,cpu_usage,0.0003879253249435,normal,none,0.0,0
1781349755,cartservice-77f8cfdff-vz9jj,cpu_usage,0.0003413329161442,normal,none,0.0,0
1781349770,cartservice-77f8cfdff-vz9jj,cpu_usage,0.0003661666117156,normal,none,0.0,0
1781349785,cartservice-77f8cfdff-vz9jj,cpu_usage,0.0003839210304052,normal,none,0.0,0
1781349800,cartservice-77f8cfdff-vz9jj,cpu_usage,0.0003909969548526,normal,none,0.024606436701942735,0
1781349815,cartservice-77f8cfdff-vz9jj,cpu_usage,0.0003758640726119,normal,none,0.0,0
1781349830,cartservice-77f8cfdff-vz9jj,cpu_usage,0.0003897274583918,normal,none,0.0,0
1781349845,cartservice-77f8cfdff-vz9jj,cpu_usage,0.0005174999484983,normal,none,0.4598984702508248,0
1781349860,cartservice-77f8cfdff-vz9jj,cpu_usage,0.0005255244382919,normal,none,0.07522152425714163,0
1781349875,cartservice-77f8cfdff-vz9jj,cpu_usage,0.0005329656106245,normal,none,0.32327708098468516,0
1781349890,cartservice-77f8cfdff-vz9jj,cpu_usage,0.0005299608603787,normal,none,0.0,0
1781349905,cartservice-77f8cfdff-vz9jj,cpu_usage,0.0004664256198352,normal,none,0.9921136215594886,0
1781349920,cartservice-77f8cfdff-vz9jj,cpu_usage,0.0008010840849057,normal,none,1.9033079039223681,1
1781349935,cartservice-77f8cfdff-vz9jj,cpu_usage,0.0008444740803652,normal,none,0.5185938482794665,0
1781349950,cartservice-77f8cfdff-vz9jj,cpu_usage,0.000899491711578,normal,none,3.6658289409787175,1
1781349965,cartservice-77f8cfdff-vz9jj,cpu_usage,0.0004925630959055,normal,none,0.1051692393563537,0
1781349980,cartservice-77f8cfdff-vz9jj,cpu_usage,0.0003576158940398,normal,none,1.053750345774664,0
1781349995,cartservice-77f8cfdff-vz9jj,cpu_usage,0.0004109583566456,normal,none,0.0,0
1781350010,cartservice-77f8cfdff-vz9jj,cpu_usage,0.0004079800146121,normal,none,0.0,0
1781350025,cartservice-77f8cfdff-vz9jj,cpu_usage,0.0004409920959382,normal,none,0.0,0
1781350040,cartservice-77f8cfdff-vz9jj,cpu_usage,0.0004742721380491,normal,none,0.0,0
1781350055,cartservice-77f8cfdff-vz9jj,cpu_usage,0.0004390515076577,normal,none,0.0,0
1781350070,cartservice-77f8cfdff-vz9jj,cpu_usage,0.0004320415986637,normal,none,0.0,0
1781350085,cartservice-77f8cfdff-vz9jj,cpu_usage,0.0004057059655194,normal,none,0.0,0
1781350100,cartservice-77f8cfdff-vz9jj,cpu_usage,0.0004223087384345,normal,none,0.0,0
1781350115,cartservice-77f8cfdff-vz9jj,cpu_usage,0.0004048650449856,normal,none,0.0,0
1781350130,cartservice-77f8cfdff-vz9jj,cpu_usage,0.0003699763840422,normal,none,0.0,0
1781350145,cartservice-77f8cfdff-vz9jj,cpu_usage,0.0003787256218553,normal,none,0.0,0
1781350160,cartservice-77f8cfdff-vz9jj,cpu_usage,0.0004490179530461,normal,none,0.0,0
1781350175,cartservice-77f8cfdff-vz9jj,cpu_usage,0.0003996170898822,normal,none,0.0,0
1781350190,cartservice-77f8cfdff-vz9jj,cpu_usage,0.0004357824985385,normal,none,0.3594310730257304,0
1781350205,cartservice-77f8cfdff-vz9jj,cpu_usage,0.000364796191864,normal,none,0.0,0
1781350220,cartservice-77f8cfdff-vz9jj,cpu_usage,0.0004666036909897,normal,none,0.0,0
1781350235,cartservice-77f8cfdff-vz9jj,cpu_usage,0.0003624519488582,normal,none,1.4408252265651924,0
1781350250,cartservice-77f8cfdff-vz9jj,cpu_usage,0.00102134700814,normal,none,3.8780488661110257,1
1781350265,cartservice-77f8cfdff-vz9jj,cpu_usage,0.0008831445921549,normal,none,2.454626486969714,1
1781350280,cartservice-77f8cfdff-vz9jj,cpu_usage,0.0004075553122281,normal,none,1.2906634955975553,0
1781350295,cartservice-77f8cfdff-vz9jj,cpu_usage,0.0003841452044003,normal,none,0.73996848898449,0
1781350310,cartservice-77f8cfdff-vz9jj,cpu_usage,0.000495478478502,normal,none,0.0,0
1781350325,cartservice-77f8cfdff-vz9jj,cpu_usage,0.0004154313699768,normal,none,0.0,0
1781350340,cartservice-77f8cfdff-vz9jj,cpu_usage,0.0004347347282512,normal,none,0.0,0
1781350355,cartservice-77f8cfdff-vz9jj,cpu_usage,0.0003843115460193,normal,none,0.0,0
1781350370,cartservice-77f8cfdff-vz9jj,cpu_usage,0.0003783179768671,normal,none,0.0,0
1781350385,cartservice-77f8cfdff-vz9jj,cpu_usage,0.0003729421448727,normal,none,0.0,0
1781350400,cartservice-77f8cfdff-vz9jj,cpu_usage,0.0003267611936125,normal,none,0.0,0
1781350415,cartservice-77f8cfdff-vz9jj,cpu_usage,0.000392952553964,normal,none,0.0,0
1781350430,cartservice-77f8cfdff-vz9jj,cpu_usage,0.0004189430231369,normal,none,0.0,0
1781350445,cartservice-77f8cfdff-vz9jj,cpu_usage,0.0004084163500058,normal,none,0.0,0
1781350460,cartservice-77f8cfdff-vz9jj,cpu_usage,0.0004124589103843,normal,none,0.679941603480465,0
1781353733,cartservice-77f8cfdff-vz9jj,cpu_usage,0.00021650937773,normal,cartservice-cpu-extreme,0.7602977577118044,0
1781353738,cartservice-77f8cfdff-vz9jj,cpu_usage,0.0002747103825133,normal,cartservice-cpu-extreme,0.0,0
1781353743,cartservice-77f8cfdff-vz9jj,cpu_usage,0.0002747103825133,normal,cartservice-cpu-extreme,0.0,0
1781353748,cartservice-77f8cfdff-vz9jj,cpu_usage,0.0002747103825133,normal,cartservice-cpu-extreme,0.0,0
1781353753,cartservice-77f8cfdff-vz9jj,cpu_usage,0.0002996421149847,normal,cartservice-cpu-extreme,0.0,0
1781353758,cartservice-77f8cfdff-vz9jj,cpu_usage,0.0002655089619737,normal,cartservice-cpu-extreme,0.0,0
1781353763,cartservice-77f8cfdff-vz9jj,cpu_usage,0.0002352352352351,normal,cartservice-cpu-extreme,0.0,0
1781353768,cartservice-77f8cfdff-vz9jj,cpu_usage,0.0002352352352351,normal,cartservice-cpu-extreme,0.0,0
1781353773,cartservice-77f8cfdff-vz9jj,cpu_usage,0.0002352352352351,normal,cartservice-cpu-extreme,0.0,0
1781353778,cartservice-77f8cfdff-vz9jj,cpu_usage,0.0002288743293436,normal,cartservice-cpu-extreme,0.0,0
1781353783,cartservice-77f8cfdff-vz9jj,cpu_usage,0.0002288743293436,normal,cartservice-cpu-extreme,1.4364037662153715,0
1781353788,cartservice-77f8cfdff-vz9jj,cpu_usage,0.0002288743293436,normal,cartservice-cpu-extreme,0.7714999128083498,0
1781353793,cartservice-77f8cfdff-vz9jj,cpu_usage,0.0002663423647637,normal,cartservice-cpu-extreme,0.0,0
1781353798,cartservice-77f8cfdff-vz9jj,cpu_usage,0.0003016373166853,normal,cartservice-cpu-extreme,0.0,0
1781353803,cartservice-77f8cfdff-vz9jj,cpu_usage,0.0002996872216588,normal,cartservice-cpu-extreme,0.0,0
1781353808,cartservice-77f8cfdff-vz9jj,cpu_usage,0.0002996872216588,normal,cartservice-cpu-extreme,1.2513665111696222,0
1781353813,cartservice-77f8cfdff-vz9jj,cpu_usage,0.0002996872216588,normal,cartservice-cpu-extreme,0.9790286925226829,0
1781353818,cartservice-77f8cfdff-vz9jj,cpu_usage,0.0002820943845903,normal,cartservice-cpu-extreme,0.0,0
1781353823,cartservice-77f8cfdff-vz9jj,cpu_usage,0.0003340118144199,normal,cartservice-cpu-extreme,0.0,0
1781353828,cartservice-77f8cfdff-vz9jj,cpu_usage,0.0003340118144199,normal,cartservice-cpu-extreme,0.5144436300318154,0
1781353833,cartservice-77f8cfdff-vz9jj,cpu_usage,0.0003340118144199,normal,cartservice-cpu-extreme,0.0,0
1781353838,cartservice-77f8cfdff-vz9jj,cpu_usage,0.0002911330919371,normal,cartservice-cpu-extreme,0.901697306430429,0
1781353843,cartservice-77f8cfdff-vz9jj,cpu_usage,0.0002911330919371,normal,cartservice-cpu-extreme,0.0,0
1781353848,cartservice-77f8cfdff-vz9jj,cpu_usage,0.0002911330919371,normal,cartservice-cpu-extreme,0.0,0
1781353853,cartservice-77f8cfdff-vz9jj,cpu_usage,0.0002333783613953,normal,cartservice-cpu-extreme,0.07416094187959858,0
1781353858,cartservice-77f8cfdff-vz9jj,cpu_usage,0.000287670690678,normal,cartservice-cpu-extreme,0.2969353957152762,0
1781353863,cartservice-77f8cfdff-vz9jj,cpu_usage,0.0002628910050413,normal,cartservice-cpu-extreme,0.5549939129802878,0
1781353868,cartservice-77f8cfdff-vz9jj,cpu_usage,0.0002924023094303,normal,cartservice-cpu-extreme,0.0,0
1781353873,cartservice-77f8cfdff-vz9jj,cpu_usage,0.0002924023094303,normal,cartservice-cpu-extreme,0.0,0
1781353878,cartservice-77f8cfdff-vz9jj,cpu_usage,0.0002924023094303,normal,cartservice-cpu-extreme,0.0,0
1781353883,cartservice-77f8cfdff-vz9jj,cpu_usage,0.0003250821419052,normal,cartservice-cpu-extreme,0.3567579424054502,0
1781353888,cartservice-77f8cfdff-vz9jj,cpu_usage,0.0003250821419052,normal,cartservice-cpu-extreme,0.0,0
1781353893,cartservice-77f8cfdff-vz9jj,cpu_usage,0.0003250821419052,normal,cartservice-cpu-extreme,0.0,0
1781353898,cartservice-77f8cfdff-vz9jj,cpu_usage,0.0004131233478214,normal,cartservice-cpu-extreme,1.318289623182144,0
1781353903,cartservice-77f8cfdff-vz9jj,cpu_usage,0.0004131233478214,normal,cartservice-cpu-extreme,0.021936618897871907,0
1781353908,cartservice-77f8cfdff-vz9jj,cpu_usage,0.0004131233478214,normal,cartservice-cpu-extreme,0.7706739748716914,0
1781353913,cartservice-77f8cfdff-vz9jj,cpu_usage,0.0004131233478214,normal,cartservice-cpu-extreme,0.6685832282418094,0
1781353918,cartservice-77f8cfdff-vz9jj,cpu_usage,0.0003690294529566,normal,cartservice-cpu-extreme,0.0,0
1781353923,cartservice-77f8cfdff-vz9jj,cpu_usage,0.0003690294529566,normal,cartservice-cpu-extreme,0.0,0
1781353928,cartservice-77f8cfdff-vz9jj,cpu_usage,0.0003766040235116,normal,cartservice-cpu-extreme,0.0,0
1781353933,cartservice-77f8cfdff-vz9jj,cpu_usage,0.0003631389271497,normal,cartservice-cpu-extreme,0.4317748975643251,0
1781353938,cartservice-77f8cfdff-vz9jj,cpu_usage,0.0003631389271497,normal,cartservice-cpu-extreme,0.7421207556921081,0
1781353943,cartservice-77f8cfdff-vz9jj,cpu_usage,0.0002916863625611,normal,cartservice-cpu-extreme,0.26613215778828586,0
1781353948,cartservice-77f8cfdff-vz9jj,cpu_usage,0.0002916863625611,normal,cartservice-cpu-extreme,0.18427849738678193,0
1781353953,cartservice-77f8cfdff-vz9jj,cpu_usage,0.0003555725220719,normal,cartservice-cpu-extreme,0.0,0
1781353958,cartservice-77f8cfdff-vz9jj,cpu_usage,0.0004085600823652,normal,cartservice-cpu-extreme,1.082005543130353,0
1781353963,cartservice-77f8cfdff-vz9jj,cpu_usage,0.0003879932811239,normal,cartservice-cpu-extreme,0.19197081196543453,0
1781353968,cartservice-77f8cfdff-vz9jj,cpu_usage,0.0003879932811239,normal,cartservice-cpu-extreme,0.0,0
1781353973,cartservice-77f8cfdff-vz9jj,cpu_usage,0.0003879932811239,normal,cartservice-cpu-extreme,0.0,0
1781353978,cartservice-77f8cfdff-vz9jj,cpu_usage,0.0003495832784536,normal,cartservice-cpu-extreme,0.0,0
1781353983,cartservice-77f8cfdff-vz9jj,cpu_usage,0.0004087340839739,normal,cartservice-cpu-extreme,0.48905629952331653,0
1781353988,cartservice-77f8cfdff-vz9jj,cpu_usage,0.0004087340839739,normal,cartservice-cpu-extreme,0.5522525438974676,0
1781353993,cartservice-77f8cfdff-vz9jj,cpu_usage,0.0003675780992019,normal,cartservice-cpu-extreme,0.0,0
1781353998,cartservice-77f8cfdff-vz9jj,cpu_usage,0.0003841203057631,normal,cartservice-cpu-extreme,0.0,0
1781354003,cartservice-77f8cfdff-vz9jj,cpu_usage,0.0003841203057631,normal,cartservice-cpu-extreme,0.0,0
1781354008,cartservice-77f8cfdff-vz9jj,cpu_usage,0.0003841203057631,normal,cartservice-cpu-extreme,0.15777199754862642,0
1781354013,cartservice-77f8cfdff-vz9jj,cpu_usage,0.0004021844324622,normal,cartservice-cpu-extreme,1.046002982510747,0
1781354018,cartservice-77f8cfdff-vz9jj,cpu_usage,0.0003339551887246,normal,cartservice-cpu-extreme,0.0,0
1781354023,cartservice-77f8cfdff-vz9jj,cpu_usage,0.0003028500476454,normal,cartservice-cpu-extreme,0.0,0
1781354028,cartservice-77f8cfdff-vz9jj,cpu_usage,0.0003028500476454,normal,cartservice-cpu-extreme,0.0,0
1781354033,cartservice-77f8cfdff-vz9jj,cpu_usage,0.0003704589740128,normal,cartservice-cpu-extreme,0.9337594946425146,0
1781354038,cartservice-77f8cfdff-vz9jj,cpu_usage,0.0003704589740128,normal,cartservice-cpu-extreme,0.5606797130980561,0
1781354043,cartservice-77f8cfdff-vz9jj,cpu_usage,0.0003486687778573,normal,cartservice-cpu-extreme,0.0,0
1781354048,cartservice-77f8cfdff-vz9jj,cpu_usage,0.0003900689379557,normal,cartservice-cpu-extreme,0.0,0
1781354053,cartservice-77f8cfdff-vz9jj,cpu_usage,0.0003900689379557,normal,cartservice-cpu-extreme,0.0,0
1781354058,cartservice-77f8cfdff-vz9jj,cpu_usage,0.000454093211984,normal,cartservice-cpu-extreme,0.7604001925968984,0
1781354063,cartservice-77f8cfdff-vz9jj,cpu_usage,0.000454093211984,normal,cartservice-cpu-extreme,1.0692127759667678,0
1781354068,cartservice-77f8cfdff-vz9jj,cpu_usage,0.0004353848429922,normal,cartservice-cpu-extreme,0.0,0
1781354073,cartservice-77f8cfdff-vz9jj,cpu_usage,0.0004353848429922,normal,cartservice-cpu-extreme,0.9630607002872835,0
1781354078,cartservice-77f8cfdff-vz9jj,cpu_usage,0.0004021750922098,normal,cartservice-cpu-extreme,0.14460162998162873,0
1781354083,cartservice-77f8cfdff-vz9jj,cpu_usage,0.0003422800494495,normal,cartservice-cpu-extreme,0.0,0
1781354088,cartservice-77f8cfdff-vz9jj,cpu_usage,0.0003531413317287,normal,cartservice-cpu-extreme,0.04670216547415093,0
1781354093,cartservice-77f8cfdff-vz9jj,cpu_usage,0.0002606158769472,normal,cartservice-cpu-extreme,1.8455263665212578,1
1781354098,cartservice-77f8cfdff-vz9jj,cpu_usage,0.0003549958252166,normal,cartservice-cpu-extreme,0.46584900878389274,0
1781354103,cartservice-77f8cfdff-vz9jj,cpu_usage,0.0003549958252166,normal,cartservice-cpu-extreme,0.0,0
1781354108,cartservice-77f8cfdff-vz9jj,cpu_usage,0.0003590313616521,normal,cartservice-cpu-extreme,0.0,0
1781354113,cartservice-77f8cfdff-vz9jj,cpu_usage,0.0003590313616521,normal,cartservice-cpu-extreme,0.0,0
1781354118,cartservice-77f8cfdff-vz9jj,cpu_usage,0.0003594810529222,normal,cartservice-cpu-extreme,0.0,0
1781354123,cartservice-77f8cfdff-vz9jj,cpu_usage,0.0003085575661004,normal,cartservice-cpu-extreme,0.0,0
1781354128,cartservice-77f8cfdff-vz9jj,cpu_usage,0.0003124563759514,normal,cartservice-cpu-extreme,0.30019960815356195,0
1781354133,cartservice-77f8cfdff-vz9jj,cpu_usage,0.0003713075989797,normal,cartservice-cpu-extreme,0.143274816829007,0
1781354138,cartservice-77f8cfdff-vz9jj,cpu_usage,0.0003713075989797,normal,cartservice-cpu-extreme,0.0,0
1781354143,cartservice-77f8cfdff-vz9jj,cpu_usage,0.0004042896129819,normal,cartservice-cpu-extreme,0.7333399300570419,0
1781354148,cartservice-77f8cfdff-vz9jj,cpu_usage,0.0003699576393559,normal,cartservice-cpu-extreme,0.0,0
1781354153,cartservice-77f8cfdff-vz9jj,cpu_usage,0.0003562450157593,normal,cartservice-cpu-extreme,0.0,0
1781354158,cartservice-77f8cfdff-vz9jj,cpu_usage,0.0003578009973875,normal,cartservice-cpu-extreme,0.0,0
1781354163,cartservice-77f8cfdff-vz9jj,cpu_usage,0.0003528685175675,normal,cartservice-cpu-extreme,0.0,0
1781354168,cartservice-77f8cfdff-vz9jj,cpu_usage,0.0003205624075772,normal,cartservice-cpu-extreme,0.0,0
1781354173,cartservice-77f8cfdff-vz9jj,cpu_usage,0.0003897770709514,normal,cartservice-cpu-extreme,0.7441860368518972,0
1781354178,cartservice-77f8cfdff-vz9jj,cpu_usage,0.0003146962626594,normal,cartservice-cpu-extreme,1.3664394954814054,0
1781354183,cartservice-77f8cfdff-vz9jj,cpu_usage,0.0004059020666539,normal,cartservice-cpu-extreme,1.3558664117407346,0
1781354188,cartservice-77f8cfdff-vz9jj,cpu_usage,0.0003727594936709,normal,cartservice-cpu-extreme,0.0,0
1781354193,cartservice-77f8cfdff-vz9jj,cpu_usage,0.0003225694987342,normal,cartservice-cpu-extreme,0.0,0
1781354198,cartservice-77f8cfdff-vz9jj,cpu_usage,0.0003614983037744,normal,cartservice-cpu-extreme,0.0,0
1781354203,cartservice-77f8cfdff-vz9jj,cpu_usage,0.000375221200271,normal,cartservice-cpu-extreme,0.0,0
1781354208,cartservice-77f8cfdff-vz9jj,cpu_usage,0.000375221200271,normal,cartservice-cpu-extreme,0.0,0
1781354213,cartservice-77f8cfdff-vz9jj,cpu_usage,0.0003755688427245,normal,cartservice-cpu-extreme,0.0,0
1781354218,cartservice-77f8cfdff-vz9jj,cpu_usage,0.0003755688427245,normal,cartservice-cpu-extreme,0.8478127887588374,0
1781354223,cartservice-77f8cfdff-vz9jj,cpu_usage,0.000339596582515,normal,cartservice-cpu-extreme,0.0,0
1781354228,cartservice-77f8cfdff-vz9jj,cpu_usage,0.0002787833245011,normal,cartservice-cpu-extreme,1.0955132183949097,0
1781354233,cartservice-77f8cfdff-vz9jj,cpu_usage,0.0003510247505874,normal,cartservice-cpu-extreme,0.047216753648675426,0
1781354238,cartservice-77f8cfdff-vz9jj,cpu_usage,0.0003510247505874,normal,cartservice-cpu-extreme,0.0,0
1781354243,cartservice-77f8cfdff-vz9jj,cpu_usage,0.0003591253932025,normal,cartservice-cpu-extreme,0.5328004542812564,0
1781354248,cartservice-77f8cfdff-vz9jj,cpu_usage,0.0003292245311704,normal,cartservice-cpu-extreme,0.0,0
1781354253,cartservice-77f8cfdff-vz9jj,cpu_usage,0.0003292245311704,normal,cartservice-cpu-extreme,0.0,0
1781354258,cartservice-77f8cfdff-vz9jj,cpu_usage,0.0003234219549208,normal,cartservice-cpu-extreme,0.0,0
1781354263,cartservice-77f8cfdff-vz9jj,cpu_usage,0.0003882987483533,normal,cartservice-cpu-extreme,0.5347947492662926,0
1781354268,cartservice-77f8cfdff-vz9jj,cpu_usage,0.0003882987483533,normal,cartservice-cpu-extreme,0.0,0
1781354273,cartservice-77f8cfdff-vz9jj,cpu_usage,0.000399692235641,normal,cartservice-cpu-extreme,0.811492936870907,0
1781354278,cartservice-77f8cfdff-vz9jj,cpu_usage,0.00034785695843,normal,cartservice-cpu-extreme,0.0,0
1781354283,cartservice-77f8cfdff-vz9jj,cpu_usage,0.00034785695843,normal,cartservice-cpu-extreme,0.0,0
1781354288,cartservice-77f8cfdff-vz9jj,cpu_usage,0.0003812130427435,normal,cartservice-cpu-extreme,0.0,0
1781354293,cartservice-77f8cfdff-vz9jj,cpu_usage,0.0004249131020782,normal,cartservice-cpu-extreme,0.0,0
1781354298,cartservice-77f8cfdff-vz9jj,cpu_usage,0.0004249131020782,normal,cartservice-cpu-extreme,0.4966052204628416,0
1781354303,cartservice-77f8cfdff-vz9jj,cpu_usage,0.0004167268284557,normal,cartservice-cpu-extreme,0.23192209575699096,0
1781354308,cartservice-77f8cfdff-vz9jj,cpu_usage,0.0003694640115042,normal,cartservice-cpu-extreme,0.0,0
1781354313,cartservice-77f8cfdff-vz9jj,cpu_usage,0.0003694640115042,normal,cartservice-cpu-extreme,0.0,0
1781354318,cartservice-77f8cfdff-vz9jj,cpu_usage,0.0002950344600978,normal,cartservice-cpu-extreme,2.010838558503571,1
1781354323,cartservice-77f8cfdff-vz9jj,cpu_usage,0.0004373012989368,normal,cartservice-cpu-extreme,1.5965123673407906,1
1781354328,cartservice-77f8cfdff-vz9jj,cpu_usage,0.0004373012989368,normal,cartservice-cpu-extreme,0.9186665684943879,0
1781354333,cartservice-77f8cfdff-vz9jj,cpu_usage,0.0004373012989368,normal,cartservice-cpu-extreme,0.0,0
1781354338,cartservice-77f8cfdff-vz9jj,cpu_usage,0.0004107257546564,normal,cartservice-cpu-extreme,0.0,0
1781354343,cartservice-77f8cfdff-vz9jj,cpu_usage,0.0004107257546564,normal,cartservice-cpu-extreme,0.0,0
1781354348,cartservice-77f8cfdff-vz9jj,cpu_usage,0.0004179660838974,normal,cartservice-cpu-extreme,0.7518286245358569,0
1781354353,cartservice-77f8cfdff-vz9jj,cpu_usage,0.0003676983026717,normal,cartservice-cpu-extreme,0.0,0
1781354358,cartservice-77f8cfdff-vz9jj,cpu_usage,0.0003676983026717,normal,cartservice-cpu-extreme,0.0,0
1781354363,cartservice-77f8cfdff-vz9jj,cpu_usage,0.0003347244420777,normal,cartservice-cpu-extreme,0.20753379117315504,0
1781354368,cartservice-77f8cfdff-vz9jj,cpu_usage,0.0003430873145882,normal,cartservice-cpu-extreme,0.0,0
1781354373,cartservice-77f8cfdff-vz9jj,cpu_usage,0.0003430873145882,normal,cartservice-cpu-extreme,0.0,0
1781354378,cartservice-77f8cfdff-vz9jj,cpu_usage,0.0003430873145882,normal,cartservice-cpu-extreme,0.0,0
1781354383,cartservice-77f8cfdff-vz9jj,cpu_usage,0.0003254135205158,normal,cartservice-cpu-extreme,0.0,0
1781354388,cartservice-77f8cfdff-vz9jj,cpu_usage,0.0003254135205158,normal,cartservice-cpu-extreme,0.0,0
1781354393,cartservice-77f8cfdff-vz9jj,cpu_usage,0.0003254135205158,normal,cartservice-cpu-extreme,0.0,0
1781354398,cartservice-77f8cfdff-vz9jj,cpu_usage,0.0003678749539776,normal,cartservice-cpu-extreme,0.0,0
1781354403,cartservice-77f8cfdff-vz9jj,cpu_usage,0.0003746106081831,normal,cartservice-cpu-extreme,0.11871301029475902,0
1781354408,cartservice-77f8cfdff-vz9jj,cpu_usage,0.0003746106081831,normal,cartservice-cpu-extreme,0.0,0
1781354413,cartservice-77f8cfdff-vz9jj,cpu_usage,0.0003682679791743,normal,cartservice-cpu-extreme,0.0,0
1781354418,cartservice-77f8cfdff-vz9jj,cpu_usage,0.0003682679791743,normal,cartservice-cpu-extreme,0.0,0
1781354423,cartservice-77f8cfdff-vz9jj,cpu_usage,0.0003682679791743,normal,cartservice-cpu-extreme,0.0,0
1781354428,cartservice-77f8cfdff-vz9jj,cpu_usage,0.0003690301982176,normal,cartservice-cpu-extreme,0.0,0
1781354433,cartservice-77f8cfdff-vz9jj,cpu_usage,0.0003606405851264,normal,cartservice-cpu-extreme,0.0,0
1781354438,cartservice-77f8cfdff-vz9jj,cpu_usage,0.0003606405851264,normal,cartservice-cpu-extreme,0.7755006163985542,0
1781354443,cartservice-77f8cfdff-vz9jj,cpu_usage,0.000346430704428,normal,cartservice-cpu-extreme,1.1616597936413133,0
1781354448,cartservice-77f8cfdff-vz9jj,cpu_usage,0.0004033377211562,normal,cartservice-cpu-extreme,0.0,0
1781354453,cartservice-77f8cfdff-vz9jj,cpu_usage,0.0004033377211562,normal,cartservice-cpu-extreme,0.0,0
1781354458,cartservice-77f8cfdff-vz9jj,cpu_usage,0.0004033377211562,normal,cartservice-cpu-extreme,0.0,0
1781354463,cartservice-77f8cfdff-vz9jj,cpu_usage,0.000380644900107,normal,cartservice-cpu-extreme,1.3654954905157732,0
1781354468,cartservice-77f8cfdff-vz9jj,cpu_usage,0.000380644900107,normal,cartservice-cpu-extreme,1.7932544589436101,1
1781354473,cartservice-77f8cfdff-vz9jj,cpu_usage,0.0003241294870501,normal,cartservice-cpu-extreme,1.8521715725189267,1
1781354478,cartservice-77f8cfdff-vz9jj,cpu_usage,0.0004024037166713,normal,cartservice-cpu-extreme,0.0,0
1781354483,cartservice-77f8cfdff-vz9jj,cpu_usage,0.000410956055155,normal,cartservice-cpu-extreme,1.5689422110867834,1
1781354488,cartservice-77f8cfdff-vz9jj,cpu_usage,0.000410956055155,normal,cartservice-cpu-extreme,0.5783654252081896,0
1781354493,cartservice-77f8cfdff-vz9jj,cpu_usage,0.0003621667854609,normal,cartservice-cpu-extreme,0.5642214581815462,0
1781354498,cartservice-77f8cfdff-vz9jj,cpu_usage,0.0003812687865851,normal,cartservice-cpu-extreme,0.0,0
1781354503,cartservice-77f8cfdff-vz9jj,cpu_usage,0.0003812687865851,normal,cartservice-cpu-extreme,0.0,0
1781354508,cartservice-77f8cfdff-vz9jj,cpu_usage,0.0004246575342467,normal,cartservice-cpu-extreme,0.0,0
1781354513,cartservice-77f8cfdff-vz9jj,cpu_usage,0.00038760403329,normal,cartservice-cpu-extreme,0.0,0
1781354518,cartservice-77f8cfdff-vz9jj,cpu_usage,0.00038760403329,normal,cartservice-cpu-extreme,0.0,0
1781354523,cartservice-77f8cfdff-vz9jj,cpu_usage,0.0003659863945564,normal,cartservice-cpu-extreme,0.0,0
1781354528,cartservice-77f8cfdff-vz9jj,cpu_usage,0.0003659863945564,normal,cartservice-cpu-extreme,0.0,0
1781354533,cartservice-77f8cfdff-vz9jj,cpu_usage,0.0003814171866304,normal,cartservice-cpu-extreme,0.0,0
1781354538,cartservice-77f8cfdff-vz9jj,cpu_usage,0.0003814171866304,normal,cartservice-cpu-extreme,0.0,0
1781354543,cartservice-77f8cfdff-vz9jj,cpu_usage,0.000361940867595,normal,cartservice-cpu-extreme,0.0,0
1781354548,cartservice-77f8cfdff-vz9jj,cpu_usage,0.000361940867595,normal,cartservice-cpu-extreme,0.0,0
1781354553,cartservice-77f8cfdff-vz9jj,cpu_usage,0.000361940867595,normal,cartservice-cpu-extreme,0.0,0
1781354558,cartservice-77f8cfdff-vz9jj,cpu_usage,0.0004740854983064,normal,cartservice-cpu-extreme,0.0,0
1781354563,cartservice-77f8cfdff-vz9jj,cpu_usage,0.0004740854983064,normal,cartservice-cpu-extreme,0.0,0
1781354568,cartservice-77f8cfdff-vz9jj,cpu_usage,0.0004740854983064,normal,cartservice-cpu-extreme,0.0,0
1781354573,cartservice-77f8cfdff-vz9jj,cpu_usage,0.0005113480055031,normal,cartservice-cpu-extreme,0.0,0
1781354578,cartservice-77f8cfdff-vz9jj,cpu_usage,0.0003922837235479,normal,cartservice-cpu-extreme,0.0,0
1781354583,cartservice-77f8cfdff-vz9jj,cpu_usage,0.0003922837235479,normal,cartservice-cpu-extreme,0.0,0
1781354588,cartservice-77f8cfdff-vz9jj,cpu_usage,0.0003922837235479,normal,cartservice-cpu-extreme,1.6412387181200523,1
1781354593,cartservice-77f8cfdff-vz9jj,cpu_usage,0.0012862990993869,normal,cartservice-cpu-extreme,2.3204012643412057,1
1781354598,cartservice-77f8cfdff-vz9jj,cpu_usage,0.0012862990993869,normal,cartservice-cpu-extreme,0.0,0
1781354603,cartservice-77f8cfdff-vz9jj,cpu_usage,0.0016026429373857,normal,cartservice-cpu-extreme,1.3749948102878253,0
1781354608,cartservice-77f8cfdff-vz9jj,cpu_usage,0.0016026429373857,normal,cartservice-cpu-extreme,1.7996500971133889,1
1781354613,cartservice-77f8cfdff-vz9jj,cpu_usage,0.0011672188547117,normal,cartservice-cpu-extreme,0.8291023676133263,0
1781354618,cartservice-77f8cfdff-vz9jj,cpu_usage,0.0016323774591526,normal,cartservice-cpu-extreme,2.3441900407340235,1
1781354623,cartservice-77f8cfdff-vz9jj,cpu_usage,0.0012915365071425,normal,cartservice-cpu-extreme,0.0,0
1781354628,cartservice-77f8cfdff-vz9jj,cpu_usage,0.0012915365071425,normal,cartservice-cpu-extreme,0.407498685744675,0
1781354633,cartservice-77f8cfdff-vz9jj,cpu_usage,0.0012915365071425,normal,cartservice-cpu-extreme,2.3482748246794087,1
1781354638,cartservice-77f8cfdff-vz9jj,cpu_usage,0.0003532209666083,normal,cartservice-cpu-extreme,1.5044810468598344,0
1781354643,cartservice-77f8cfdff-vz9jj,cpu_usage,0.0003504271817842,normal,cartservice-cpu-extreme,0.0,0
1781354648,cartservice-77f8cfdff-vz9jj,cpu_usage,0.0003504271817842,normal,cartservice-cpu-extreme,0.0,0
1781354653,cartservice-77f8cfdff-vz9jj,cpu_usage,0.0002641048215713,normal,cartservice-cpu-extreme,0.0,0
1781354658,cartservice-77f8cfdff-vz9jj,cpu_usage,0.0004746620496772,normal,cartservice-cpu-extreme,0.0,0
1781354663,cartservice-77f8cfdff-vz9jj,cpu_usage,0.0004746620496772,normal,cartservice-cpu-extreme,0.0,0
1781354668,cartservice-77f8cfdff-vz9jj,cpu_usage,0.0004746620496772,normal,cartservice-cpu-extreme,0.0,0
1781354673,cartservice-77f8cfdff-vz9jj,cpu_usage,0.0004644471347868,normal,cartservice-cpu-extreme,0.0,0
1781354678,cartservice-77f8cfdff-vz9jj,cpu_usage,0.0004644471347868,normal,cartservice-cpu-extreme,0.0,0
1781354683,cartservice-77f8cfdff-vz9jj,cpu_usage,0.0004343365390663,normal,cartservice-cpu-extreme,0.0,0
1781354688,cartservice-77f8cfdff-vz9jj,cpu_usage,0.0005404072173481,normal,cartservice-cpu-extreme,0.0,0
1781354693,cartservice-77f8cfdff-vz9jj,cpu_usage,0.0004767958030663,normal,cartservice-cpu-extreme,0.0,0
1781354698,cartservice-77f8cfdff-vz9jj,cpu_usage,0.0004767958030663,normal,cartservice-cpu-extreme,0.0,0
1781354703,cartservice-77f8cfdff-vz9jj,cpu_usage,0.0003402239928672,normal,cartservice-cpu-extreme,0.16421813955448428,0
1781354708,cartservice-77f8cfdff-vz9jj,cpu_usage,0.0004870801033589,normal,cartservice-cpu-extreme,0.0,0
1781354713,cartservice-77f8cfdff-vz9jj,cpu_usage,0.0004870801033589,normal,cartservice-cpu-extreme,0.0,0
1781354718,cartservice-77f8cfdff-vz9jj,cpu_usage,0.0005782891880151,normal,cartservice-cpu-extreme,0.0,0
1781354723,cartservice-77f8cfdff-vz9jj,cpu_usage,0.0004883830134743,normal,cartservice-cpu-extreme,0.0,0
1781354728,cartservice-77f8cfdff-vz9jj,cpu_usage,0.0004883830134743,normal,cartservice-cpu-extreme,0.10481161573993908,0
1781354733,cartservice-77f8cfdff-vz9jj,cpu_usage,0.0004534920987342,normal,cartservice-cpu-extreme,0.5393724142291939,0
1781354738,cartservice-77f8cfdff-vz9jj,cpu_usage,0.000475933850633,normal,cartservice-cpu-extreme,0.0,0
1781354743,cartservice-77f8cfdff-vz9jj,cpu_usage,0.0005076693783763,normal,cartservice-cpu-extreme,0.6571666823185582,0
1781354748,cartservice-77f8cfdff-vz9jj,cpu_usage,0.0005076693783763,normal,cartservice-cpu-extreme,0.0,0
1781354753,cartservice-77f8cfdff-vz9jj,cpu_usage,0.0003579516289733,normal,cartservice-cpu-extreme,1.5135766424095938,0
1781354758,cartservice-77f8cfdff-vz9jj,cpu_usage,0.0003579516289733,normal,cartservice-cpu-extreme,1.9672561066708332,1
1781354763,cartservice-77f8cfdff-vz9jj,cpu_usage,0.000383228325152,normal,cartservice-cpu-extreme,0.0,0
1781354768,cartservice-77f8cfdff-vz9jj,cpu_usage,0.0004257914064391,normal,cartservice-cpu-extreme,0.0,0
1781354773,cartservice-77f8cfdff-vz9jj,cpu_usage,0.0004257914064391,normal,cartservice-cpu-extreme,0.22268644173142554,0
1781354778,cartservice-77f8cfdff-vz9jj,cpu_usage,0.0003606838250523,normal,cartservice-cpu-extreme,0.0,0
1781354783,cartservice-77f8cfdff-vz9jj,cpu_usage,0.000326643236807,normal,cartservice-cpu-extreme,1.3402033843049403,0
1781354788,cartservice-77f8cfdff-vz9jj,cpu_usage,0.000326643236807,normal,cartservice-cpu-extreme,0.4025764348214273,0
1781354793,cartservice-77f8cfdff-vz9jj,cpu_usage,0.0003418717691544,normal,cartservice-cpu-extreme,0.0,0
1781354798,cartservice-77f8cfdff-vz9jj,cpu_usage,0.0003418717691544,normal,cartservice-cpu-extreme,0.0,0
1781354803,cartservice-77f8cfdff-vz9jj,cpu_usage,0.0002934890581257,normal,cartservice-cpu-extreme,0.0,0
1781354808,cartservice-77f8cfdff-vz9jj,cpu_usage,0.0002934890581257,normal,cartservice-cpu-extreme,0.6634725703147453,0
1781354813,cartservice-77f8cfdff-vz9jj,cpu_usage,0.0003557553134752,normal,cartservice-cpu-extreme,0.0,0
1781354818,cartservice-77f8cfdff-vz9jj,cpu_usage,0.0003557553134752,normal,cartservice-cpu-extreme,0.0,0
1781354823,cartservice-77f8cfdff-vz9jj,cpu_usage,0.0004198136341338,normal,cartservice-cpu-extreme,0.0,0
1781354828,cartservice-77f8cfdff-vz9jj,cpu_usage,0.0004520666522401,normal,cartservice-cpu-extreme,0.0,0
1781354833,cartservice-77f8cfdff-vz9jj,cpu_usage,0.0004520666522401,normal,cartservice-cpu-extreme,0.0,0
1781354838,cartservice-77f8cfdff-vz9jj,cpu_usage,0.0004748594628351,normal,cartservice-cpu-extreme,0.0,0
1781354843,cartservice-77f8cfdff-vz9jj,cpu_usage,0.0004748594628351,normal,cartservice-cpu-extreme,0.0,0
1781354848,cartservice-77f8cfdff-vz9jj,cpu_usage,0.0004748594628351,normal,cartservice-cpu-extreme,0.5257812948530088,0
1781354853,cartservice-77f8cfdff-vz9jj,cpu_usage,0.000645885793731,normal,cartservice-cpu-extreme,0.09539075435738348,0
1781354858,cartservice-77f8cfdff-vz9jj,cpu_usage,0.0008087360247615,normal,cartservice-cpu-extreme,1.1677349141407558,0
1781354863,cartservice-77f8cfdff-vz9jj,cpu_usage,0.0007490640413609,normal,cartservice-cpu-extreme,0.07947989109565189,0
1781354868,cartservice-77f8cfdff-vz9jj,cpu_usage,0.0007490640413609,normal,cartservice-cpu-extreme,0.5884765390236455,0
1781354873,cartservice-77f8cfdff-vz9jj,cpu_usage,0.0007508592523432,normal,cartservice-cpu-extreme,0.0,0
1781354878,cartservice-77f8cfdff-vz9jj,cpu_usage,0.0007508592523432,normal,cartservice-cpu-extreme,0.6855511408675548,0
1781354883,cartservice-77f8cfdff-vz9jj,cpu_usage,0.0007508592523432,normal,cartservice-cpu-extreme,0.8616101315649476,0
1781354888,cartservice-77f8cfdff-vz9jj,cpu_usage,0.0007217398817406,normal,cartservice-cpu-extreme,0.18405129514180665,0
1781354893,cartservice-77f8cfdff-vz9jj,cpu_usage,0.0007012073193737,normal,cartservice-cpu-extreme,1.8888350397166422,1
1781354898,cartservice-77f8cfdff-vz9jj,cpu_usage,0.0004679115742323,normal,cartservice-cpu-extreme,0.7383501447083916,0
1781354903,cartservice-77f8cfdff-vz9jj,cpu_usage,0.0004679115742323,normal,cartservice-cpu-extreme,0.0,0
1781354908,cartservice-77f8cfdff-vz9jj,cpu_usage,0.0005302437398011,normal,cartservice-cpu-extreme,0.5017670050768739,0
1781354913,cartservice-77f8cfdff-vz9jj,cpu_usage,0.0005163820740777,normal,cartservice-cpu-extreme,0.0,0
1781354918,cartservice-77f8cfdff-vz9jj,cpu_usage,0.0005163820740777,normal,cartservice-cpu-extreme,0.1187851898668349,0
1781354923,cartservice-77f8cfdff-vz9jj,cpu_usage,0.000520008478169,normal,cartservice-cpu-extreme,0.0,0
1781354928,cartservice-77f8cfdff-vz9jj,cpu_usage,0.000520008478169,normal,cartservice-cpu-extreme,0.0,0
1781354933,cartservice-77f8cfdff-vz9jj,cpu_usage,0.0005068652660688,normal,cartservice-cpu-extreme,0.23652181651492438,0
1781354938,cartservice-77f8cfdff-vz9jj,cpu_usage,0.000530641961761,normal,cartservice-cpu-extreme,0.0,0
1781354943,cartservice-77f8cfdff-vz9jj,cpu_usage,0.000530641961761,normal,cartservice-cpu-extreme,0.482094290842811,0
1781354948,cartservice-77f8cfdff-vz9jj,cpu_usage,0.000530641961761,normal,cartservice-cpu-extreme,0.1775150215594255,0
1781354953,cartservice-77f8cfdff-vz9jj,cpu_usage,0.0004177385985426,normal,cartservice-cpu-extreme,0.0,0
1781354958,cartservice-77f8cfdff-vz9jj,cpu_usage,0.0004177385985426,normal,cartservice-cpu-extreme,0.33014378816049983,0
1781354963,cartservice-77f8cfdff-vz9jj,cpu_usage,0.0004177385985426,normal,cartservice-cpu-extreme,0.0,0
1781354968,cartservice-77f8cfdff-vz9jj,cpu_usage,0.0004171022992904,normal,cartservice-cpu-extreme,0.2737062465275197,0
1781354973,cartservice-77f8cfdff-vz9jj,cpu_usage,0.0004171022992904,normal,cartservice-cpu-extreme,0.0,0
1781354978,cartservice-77f8cfdff-vz9jj,cpu_usage,0.0004171022992904,normal,cartservice-cpu-extreme,0.06867871962776188,0
1781354983,cartservice-77f8cfdff-vz9jj,cpu_usage,0.0005357640178235,normal,cartservice-cpu-extreme,1.7078807684394617,1
1781354988,cartservice-77f8cfdff-vz9jj,cpu_usage,0.0005357640178235,normal,cartservice-cpu-extreme,0.0,0
1781354993,cartservice-77f8cfdff-vz9jj,cpu_usage,0.0005357640178235,normal,cartservice-cpu-extreme,0.0,0
1781354998,cartservice-77f8cfdff-vz9jj,cpu_usage,0.0005526470524182,normal,cartservice-cpu-extreme,0.5483527680124661,0
1781355003,cartservice-77f8cfdff-vz9jj,cpu_usage,0.0005526470524182,normal,cartservice-cpu-extreme,0.0,0
1781355008,cartservice-77f8cfdff-vz9jj,cpu_usage,0.0005526470524182,normal,cartservice-cpu-extreme,0.04062723720375611,0
1781355013,cartservice-77f8cfdff-vz9jj,cpu_usage,0.0004978500042592,normal,cartservice-cpu-extreme,0.0,0
1781355018,cartservice-77f8cfdff-vz9jj,cpu_usage,0.0005562870861547,normal,cartservice-cpu-extreme,0.0,0
1781355023,cartservice-77f8cfdff-vz9jj,cpu_usage,0.0005562870861547,normal,cartservice-cpu-extreme,1.0331543733664632,0
1781355028,cartservice-77f8cfdff-vz9jj,cpu_usage,0.0005102862158288,normal,cartservice-cpu-extreme,0.0,0
1781355033,cartservice-77f8cfdff-vz9jj,cpu_usage,0.0005102862158288,normal,cartservice-cpu-extreme,0.0,0
1781355038,cartservice-77f8cfdff-vz9jj,cpu_usage,0.0005102862158288,normal,cartservice-cpu-extreme,0.0,0
1781355043,cartservice-77f8cfdff-vz9jj,cpu_usage,0.0005055103763936,normal,cartservice-cpu-extreme,0.0,0
1781355048,cartservice-77f8cfdff-vz9jj,cpu_usage,0.0005055103763936,normal,cartservice-cpu-extreme,0.2405751832810185,0
1781355053,cartservice-77f8cfdff-vz9jj,cpu_usage,0.0005055103763936,normal,cartservice-cpu-extreme,0.0,0
1781355058,cartservice-77f8cfdff-vz9jj,cpu_usage,0.0004329427974792,normal,cartservice-cpu-extreme,0.2796914720826263,0
1781355063,cartservice-77f8cfdff-vz9jj,cpu_usage,0.0005132458066628,normal,cartservice-cpu-extreme,0.0,0
1781355068,cartservice-77f8cfdff-vz9jj,cpu_usage,0.0005132458066628,normal,cartservice-cpu-extreme,0.0,0
1781355073,cartservice-77f8cfdff-vz9jj,cpu_usage,0.0005283507538623,normal,cartservice-cpu-extreme,0.0,0
1781355078,cartservice-77f8cfdff-vz9jj,cpu_usage,0.0004967358049675,normal,cartservice-cpu-extreme,0.0,0
1781355083,cartservice-77f8cfdff-vz9jj,cpu_usage,0.0004562510500873,normal,cartservice-cpu-extreme,0.0,0
1781355088,cartservice-77f8cfdff-vz9jj,cpu_usage,0.0004767035084172,normal,cartservice-cpu-extreme,0.0,0
1781355093,cartservice-77f8cfdff-vz9jj,cpu_usage,0.0004360687578904,normal,cartservice-cpu-extreme,0.0,0
1781355098,cartservice-77f8cfdff-vz9jj,cpu_usage,0.0004360687578904,normal,cartservice-cpu-extreme,1.0744947684688986,0
1781355103,cartservice-77f8cfdff-vz9jj,cpu_usage,0.0003417841648899,normal,cartservice-cpu-extreme,0.5620559571672329,0
1781355108,cartservice-77f8cfdff-vz9jj,cpu_usage,0.0003925957266762,normal,cartservice-cpu-extreme,1.9874868941392396,1
1781355113,cartservice-77f8cfdff-vz9jj,cpu_usage,0.0003925957266762,normal,cartservice-cpu-extreme,0.0,0
1781355118,cartservice-77f8cfdff-vz9jj,cpu_usage,0.0002912813599466,normal,cartservice-cpu-extreme,0.0,0
1781355123,cartservice-77f8cfdff-vz9jj,cpu_usage,0.0003891181704593,normal,cartservice-cpu-extreme,0.0,0
1781355128,cartservice-77f8cfdff-vz9jj,cpu_usage,0.0003891181704593,normal,cartservice-cpu-extreme,0.0,0
1781355133,cartservice-77f8cfdff-vz9jj,cpu_usage,0.0004104891331007,normal,cartservice-cpu-extreme,1.28518884532703,0
1781355138,cartservice-77f8cfdff-vz9jj,cpu_usage,0.0003877770964555,normal,cartservice-cpu-extreme,0.0,0
1781355143,cartservice-77f8cfdff-vz9jj,cpu_usage,0.0004122307324078,normal,cartservice-cpu-extreme,0.0,0
1781355148,cartservice-77f8cfdff-vz9jj,cpu_usage,0.0004122307324078,normal,cartservice-cpu-extreme,0.0,0
1781355153,cartservice-77f8cfdff-vz9jj,cpu_usage,0.0004831211462544,normal,cartservice-cpu-extreme,0.0,0
1781355158,cartservice-77f8cfdff-vz9jj,cpu_usage,0.0004831211462544,normal,cartservice-cpu-extreme,0.0,0
1781355163,cartservice-77f8cfdff-vz9jj,cpu_usage,0.0004343048174189,normal,cartservice-cpu-extreme,0.0,0
1781355168,cartservice-77f8cfdff-vz9jj,cpu_usage,0.0004032603722702,normal,cartservice-cpu-extreme,0.0,0
1781355173,cartservice-77f8cfdff-vz9jj,cpu_usage,0.0004032603722702,normal,cartservice-cpu-extreme,0.0,0
1781355178,cartservice-77f8cfdff-vz9jj,cpu_usage,0.0004032603722702,normal,cartservice-cpu-extreme,0.0,0
1781355183,cartservice-77f8cfdff-vz9jj,cpu_usage,0.0004922662932909,normal,cartservice-cpu-extreme,0.0,0
1781355188,cartservice-77f8cfdff-vz9jj,cpu_usage,0.0004922662932909,normal,cartservice-cpu-extreme,0.0,0
1781355193,cartservice-77f8cfdff-vz9jj,cpu_usage,0.0004922662932909,normal,cartservice-cpu-extreme,0.2596082689805553,0
1781355198,cartservice-77f8cfdff-vz9jj,cpu_usage,0.0005205004419663,normal,cartservice-cpu-extreme,0.0,0
1781355203,cartservice-77f8cfdff-vz9jj,cpu_usage,0.0005205004419663,normal,cartservice-cpu-extreme,0.0,0
1781355208,cartservice-77f8cfdff-vz9jj,cpu_usage,0.0005205004419663,normal,cartservice-cpu-extreme,0.0,0
1781355213,cartservice-77f8cfdff-vz9jj,cpu_usage,0.0006010587502595,normal,cartservice-cpu-extreme,1.7755057496577245,1
1781355218,cartservice-77f8cfdff-vz9jj,cpu_usage,0.0006010587502595,normal,cartservice-cpu-extreme,0.5614941080962252,0
1781355223,cartservice-77f8cfdff-vz9jj,cpu_usage,0.0005193962840862,normal,cartservice-cpu-extreme,0.9946742053384143,0
1781355228,cartservice-77f8cfdff-vz9jj,cpu_usage,0.0005368413799437,normal,cartservice-cpu-extreme,0.0,0
1781355233,cartservice-77f8cfdff-vz9jj,cpu_usage,0.0005368413799437,normal,cartservice-cpu-extreme,0.9215872048879954,0
1781355238,cartservice-77f8cfdff-vz9jj,cpu_usage,0.0005290232558139,normal,cartservice-cpu-extreme,0.11908337503150153,0
1781355243,cartservice-77f8cfdff-vz9jj,cpu_usage,0.0004715240375026,normal,cartservice-cpu-extreme,1.7988832299528654,1
1781355248,cartservice-77f8cfdff-vz9jj,cpu_usage,0.0005665345201589,normal,cartservice-cpu-extreme,1.2515411662968634,0
1781355253,cartservice-77f8cfdff-vz9jj,cpu_usage,0.0005665345201589,normal,cartservice-cpu-extreme,0.6296199419416095,0
1781355258,cartservice-77f8cfdff-vz9jj,cpu_usage,0.0005736671917752,normal,cartservice-cpu-extreme,2.2035311113740605,1
1781355263,cartservice-77f8cfdff-vz9jj,cpu_usage,0.0004810342819833,normal,cartservice-cpu-extreme,0.0,0
1781355268,cartservice-77f8cfdff-vz9jj,cpu_usage,0.0005552767064636,normal,cartservice-cpu-extreme,0.0,0
1781355273,cartservice-77f8cfdff-vz9jj,cpu_usage,0.0006198788228503,normal,cartservice-cpu-extreme,0.09686069133847938,0
1781355278,cartservice-77f8cfdff-vz9jj,cpu_usage,0.0006198788228503,normal,cartservice-cpu-extreme,0.0,0
1781355283,cartservice-77f8cfdff-vz9jj,cpu_usage,0.0005263527277086,normal,cartservice-cpu-extreme,0.6300816386672763,0
1781355288,cartservice-77f8cfdff-vz9jj,cpu_usage,0.0005328479266497,normal,cartservice-cpu-extreme,0.0,0
1781355293,cartservice-77f8cfdff-vz9jj,cpu_usage,0.0005328479266497,normal,cartservice-cpu-extreme,0.0,0
1781355298,cartservice-77f8cfdff-vz9jj,cpu_usage,0.0004105353810819,normal,cartservice-cpu-extreme,0.0,0
1781355303,cartservice-77f8cfdff-vz9jj,cpu_usage,0.000439565514565,normal,cartservice-cpu-extreme,0.0,0
1781355308,cartservice-77f8cfdff-vz9jj,cpu_usage,0.0004003044982694,normal,cartservice-cpu-extreme,0.0,0
1781355313,cartservice-77f8cfdff-vz9jj,cpu_usage,0.0004003044982694,normal,cartservice-cpu-extreme,0.0,0
1781355318,cartservice-77f8cfdff-vz9jj,cpu_usage,0.0004287934719251,normal,cartservice-cpu-extreme,0.0,0
1781355323,cartservice-77f8cfdff-vz9jj,cpu_usage,0.0004287934719251,normal,cartservice-cpu-extreme,0.0,0
1781355328,cartservice-77f8cfdff-vz9jj,cpu_usage,0.0004936928095131,normal,cartservice-cpu-extreme,0.0,0
1781355333,cartservice-77f8cfdff-vz9jj,cpu_usage,0.0004936928095131,normal,cartservice-cpu-extreme,0.0,0
1781355338,cartservice-77f8cfdff-vz9jj,cpu_usage,0.0004090865170925,normal,cartservice-cpu-extreme,0.14085271886201722,0
1781355343,cartservice-77f8cfdff-vz9jj,cpu_usage,0.0002980200051112,normal,cartservice-cpu-extreme,0.0,0
1781355348,cartservice-77f8cfdff-vz9jj,cpu_usage,0.0003597953711986,normal,cartservice-cpu-extreme,0.0,0
1781355353,cartservice-77f8cfdff-vz9jj,cpu_usage,0.0004801275863525,normal,cartservice-cpu-extreme,0.0,0
1781355358,cartservice-77f8cfdff-vz9jj,cpu_usage,0.0004801275863525,normal,cartservice-cpu-extreme,0.0,0
1781355363,cartservice-77f8cfdff-vz9jj,cpu_usage,0.0004726546782642,normal,cartservice-cpu-extreme,2.2968844392426644,1
1781355368,cartservice-77f8cfdff-vz9jj,cpu_usage,0.0067535403514761,anomaly,cartservice-cpu-extreme,2.345460678650978,1
1781355373,cartservice-77f8cfdff-vz9jj,cpu_usage,0.0067535403514761,anomaly,cartservice-cpu-extreme,1.3692992248590843,0
1781355378,cartservice-77f8cfdff-vz9jj,cpu_usage,0.006695353887807,anomaly,cartservice-cpu-extreme,0.2272101622534358,0
1781355383,cartservice-77f8cfdff-vz9jj,cpu_usage,0.007905926998552,anomaly,cartservice-cpu-extreme,1.5228479294832877,1
1781355388,cartservice-77f8cfdff-vz9jj,cpu_usage,0.0062516826784784,anomaly,cartservice-cpu-extreme,0.14635642997679948,0
1781355393,cartservice-77f8cfdff-vz9jj,cpu_usage,0.0062516826784784,anomaly,cartservice-cpu-extreme,0.0,0
1781355398,cartservice-77f8cfdff-vz9jj,cpu_usage,0.0085213837158931,anomaly,cartservice-cpu-extreme,2.252412744257836,1
1781355403,cartservice-77f8cfdff-vz9jj,cpu_usage,0.0069831792731331,anomaly,cartservice-cpu-extreme,0.9258309892930359,0
1781355408,cartservice-77f8cfdff-vz9jj,cpu_usage,0.005934432077625,anomaly,cartservice-cpu-extreme,1.2196227298621372,0
1781355413,cartservice-77f8cfdff-vz9jj,cpu_usage,0.0007549475714112,anomaly,cartservice-cpu-extreme,1.5253080095266505,1
1781355418,cartservice-77f8cfdff-vz9jj,cpu_usage,0.0007549475714112,anomaly,cartservice-cpu-extreme,0.0,0
1781355423,cartservice-77f8cfdff-vz9jj,cpu_usage,0.0006466304236332,anomaly,cartservice-cpu-extreme,0.0,0
1781355428,cartservice-77f8cfdff-vz9jj,cpu_usage,0.0006999419376241,anomaly,cartservice-cpu-extreme,0.0,0
1781355433,cartservice-77f8cfdff-vz9jj,cpu_usage,0.0006999419376241,anomaly,cartservice-cpu-extreme,0.0,0
1781355438,cartservice-77f8cfdff-vz9jj,cpu_usage,0.0006331966006555,anomaly,cartservice-cpu-extreme,0.0,0
1781355443,cartservice-77f8cfdff-vz9jj,cpu_usage,0.0006331966006555,anomaly,cartservice-cpu-extreme,0.0,0
1781355448,cartservice-77f8cfdff-vz9jj,cpu_usage,0.0004513838710687,anomaly,cartservice-cpu-extreme,0.0,0
1781355453,cartservice-77f8cfdff-vz9jj,cpu_usage,0.0004513838710687,anomaly,cartservice-cpu-extreme,0.0,0
1781355458,cartservice-77f8cfdff-vz9jj,cpu_usage,0.0005674490019741,anomaly,cartservice-cpu-extreme,0.0,0
1781355463,cartservice-77f8cfdff-vz9jj,cpu_usage,0.0005674490019741,anomaly,cartservice-cpu-extreme,0.0,0
1781355468,cartservice-77f8cfdff-vz9jj,cpu_usage,0.0006624019312009,anomaly,cartservice-cpu-extreme,0.0,0
1781355473,cartservice-77f8cfdff-vz9jj,cpu_usage,0.0005230091480963,anomaly,cartservice-cpu-extreme,0.0,0
1781355478,cartservice-77f8cfdff-vz9jj,cpu_usage,0.0005230091480963,anomaly,cartservice-cpu-extreme,0.0,0
1781355483,cartservice-77f8cfdff-vz9jj,cpu_usage,0.00051988979787,anomaly,cartservice-cpu-extreme,0.0,0
1781355488,cartservice-77f8cfdff-vz9jj,cpu_usage,0.0005484178692482,anomaly,cartservice-cpu-extreme,0.0,0
1781355493,cartservice-77f8cfdff-vz9jj,cpu_usage,0.0005484178692482,anomaly,cartservice-cpu-extreme,0.0,0
1781355498,cartservice-77f8cfdff-vz9jj,cpu_usage,0.0003513382627642,anomaly,cartservice-cpu-extreme,0.0,0
1781355503,cartservice-77f8cfdff-vz9jj,cpu_usage,0.0004012442036645,anomaly,cartservice-cpu-extreme,0.8061528951203327,0
1781355508,cartservice-77f8cfdff-vz9jj,cpu_usage,0.0004012442036645,anomaly,cartservice-cpu-extreme,2.1569081747099106,1
1781355513,cartservice-77f8cfdff-vz9jj,cpu_usage,0.0080654025783205,anomaly,cartservice-cpu-extreme,2.139005301759673,1
1781355518,cartservice-77f8cfdff-vz9jj,cpu_usage,0.0114412015231984,anomaly,cartservice-cpu-extreme,3.7769102860709842,1
1781355523,cartservice-77f8cfdff-vz9jj,cpu_usage,0.0114412015231984,anomaly,cartservice-cpu-extreme,1.8297558398311322,1
1781355528,cartservice-77f8cfdff-vz9jj,cpu_usage,0.0097445984617694,anomaly,cartservice-cpu-extreme,0.0,0
1781355533,cartservice-77f8cfdff-vz9jj,cpu_usage,0.0131063752129588,anomaly,cartservice-cpu-extreme,9.147615998874269,1
